Date,Close
29-06-2015,2057.639893
30-06-2015,2063.110107
01-07-2015,2077.419922
02-07-2015,2076.780029
06-07-2015,2068.76001
07-07-2015,2081.340088
08-07-2015,2046.680054
09-07-2015,2051.310059
10-07-2015,2076.620117
13-07-2015,2099.600098
14-07-2015,2108.949951
15-07-2015,2107.399902
16-07-2015,2124.290039
17-07-2015,2126.639893
20-07-2015,2128.280029
21-07-2015,2119.209961
22-07-2015,2114.149902
23-07-2015,2102.149902
24-07-2015,2079.649902
27-07-2015,2067.639893
28-07-2015,2093.25
29-07-2015,2108.570068
30-07-2015,2108.629883
31-07-2015,2103.840088
03-08-2015,2098.040039
04-08-2015,2093.320068
05-08-2015,2099.840088
06-08-2015,2083.560059
07-08-2015,2077.570068
10-08-2015,2104.179932
11-08-2015,2084.070068
12-08-2015,2086.050049
13-08-2015,2083.389893
14-08-2015,2091.540039
17-08-2015,2102.439941
18-08-2015,2096.919922
19-08-2015,2079.610107
20-08-2015,2035.72998
21-08-2015,1970.890015
24-08-2015,1893.209961
25-08-2015,1867.609985
26-08-2015,1940.51001
27-08-2015,1987.660034
28-08-2015,1988.869995
31-08-2015,1972.180054
01-09-2015,1913.849976
02-09-2015,1948.859985
03-09-2015,1951.130005
04-09-2015,1921.219971
08-09-2015,1969.410034
09-09-2015,1942.040039
10-09-2015,1952.290039
11-09-2015,1961.050049
14-09-2015,1953.030029
15-09-2015,1978.089966
16-09-2015,1995.310059
17-09-2015,1990.199951
18-09-2015,1958.030029
21-09-2015,1966.969971
22-09-2015,1942.73999
23-09-2015,1938.76001
24-09-2015,1932.23999
25-09-2015,1931.339966
28-09-2015,1881.77002
29-09-2015,1884.089966
30-09-2015,1920.030029
01-10-2015,1923.819946
02-10-2015,1951.359985
05-10-2015,1987.050049
06-10-2015,1979.920044
07-10-2015,1995.829956
08-10-2015,2013.430054
09-10-2015,2014.890015
12-10-2015,2017.459961
13-10-2015,2003.689941
14-10-2015,1994.23999
15-10-2015,2023.859985
16-10-2015,2033.109985
19-10-2015,2033.660034
20-10-2015,2030.77002
21-10-2015,2018.939941
22-10-2015,2052.51001
23-10-2015,2075.149902
26-10-2015,2071.179932
27-10-2015,2065.889893
28-10-2015,2090.350098
29-10-2015,2089.409912
30-10-2015,2079.360107
02-11-2015,2104.050049
03-11-2015,2109.790039
04-11-2015,2102.310059
05-11-2015,2099.929932
06-11-2015,2099.199951
09-11-2015,2078.580078
10-11-2015,2081.719971
11-11-2015,2075
12-11-2015,2045.969971
13-11-2015,2023.040039
16-11-2015,2053.189941
17-11-2015,2050.439941
18-11-2015,2083.580078
19-11-2015,2081.23999
20-11-2015,2089.169922
23-11-2015,2086.590088
24-11-2015,2089.139893
25-11-2015,2088.870117
27-11-2015,2090.110107
30-11-2015,2080.409912
01-12-2015,2102.629883
02-12-2015,2079.51001
03-12-2015,2049.620117
04-12-2015,2091.689941
07-12-2015,2077.070068
08-12-2015,2063.590088
09-12-2015,2047.619995
10-12-2015,2052.22998
11-12-2015,2012.369995
14-12-2015,2021.939941
15-12-2015,2043.410034
16-12-2015,2073.070068
17-12-2015,2041.890015
18-12-2015,2005.550049
21-12-2015,2021.150024
22-12-2015,2038.969971
23-12-2015,2064.290039
24-12-2015,2060.98999
28-12-2015,2056.5
29-12-2015,2078.360107
30-12-2015,2063.360107
31-12-2015,2043.939941
04-01-2016,2012.660034
05-01-2016,2016.709961
06-01-2016,1990.26001
07-01-2016,1943.089966
08-01-2016,1922.030029
11-01-2016,1923.670044
12-01-2016,1938.680054
13-01-2016,1890.280029
14-01-2016,1921.839966
15-01-2016,1880.329956
19-01-2016,1881.329956
20-01-2016,1859.329956
21-01-2016,1868.98999
22-01-2016,1906.900024
25-01-2016,1877.079956
26-01-2016,1903.630005
27-01-2016,1882.949951
28-01-2016,1893.359985
29-01-2016,1940.23999
01-02-2016,1939.380005
02-02-2016,1903.030029
03-02-2016,1912.530029
04-02-2016,1915.449951
05-02-2016,1880.050049
08-02-2016,1853.439941
09-02-2016,1852.209961
10-02-2016,1851.859985
11-02-2016,1829.079956
12-02-2016,1864.780029
16-02-2016,1895.579956
17-02-2016,1926.819946
18-02-2016,1917.829956
19-02-2016,1917.780029
22-02-2016,1945.5
23-02-2016,1921.27002
24-02-2016,1929.800049
25-02-2016,1951.699951
26-02-2016,1948.050049
29-02-2016,1932.22998
01-03-2016,1978.349976
02-03-2016,1986.449951
03-03-2016,1993.400024
04-03-2016,1999.98999
07-03-2016,2001.76001
08-03-2016,1979.26001
09-03-2016,1989.26001
10-03-2016,1989.569946
11-03-2016,2022.189941
14-03-2016,2019.640015
15-03-2016,2015.930054
16-03-2016,2027.219971
17-03-2016,2040.589966
18-03-2016,2049.580078
21-03-2016,2051.600098
22-03-2016,2049.800049
23-03-2016,2036.709961
24-03-2016,2035.939941
28-03-2016,2037.050049
29-03-2016,2055.01001
30-03-2016,2063.949951
31-03-2016,2059.73999
01-04-2016,2072.780029
04-04-2016,2066.129883
05-04-2016,2045.170044
06-04-2016,2066.659912
07-04-2016,2041.910034
08-04-2016,2047.599976
11-04-2016,2041.98999
12-04-2016,2061.719971
13-04-2016,2082.419922
14-04-2016,2082.780029
15-04-2016,2080.72998
18-04-2016,2094.340088
19-04-2016,2100.800049
20-04-2016,2102.399902
21-04-2016,2091.47998
22-04-2016,2091.580078
25-04-2016,2087.790039
26-04-2016,2091.699951
27-04-2016,2095.149902
28-04-2016,2075.810059
29-04-2016,2065.300049
02-05-2016,2081.429932
03-05-2016,2063.370117
04-05-2016,2051.120117
05-05-2016,2050.629883
06-05-2016,2057.139893
09-05-2016,2058.689941
10-05-2016,2084.389893
11-05-2016,2064.459961
12-05-2016,2064.110107
13-05-2016,2046.609985
16-05-2016,2066.659912
17-05-2016,2047.209961
18-05-2016,2047.630005
19-05-2016,2040.040039
20-05-2016,2052.320068
23-05-2016,2048.040039
24-05-2016,2076.060059
25-05-2016,2090.540039
26-05-2016,2090.100098
27-05-2016,2099.060059
31-05-2016,2096.949951
01-06-2016,2099.330078
02-06-2016,2105.26001
03-06-2016,2099.129883
06-06-2016,2109.409912
07-06-2016,2112.129883
08-06-2016,2119.120117
09-06-2016,2115.47998
10-06-2016,2096.070068
13-06-2016,2079.060059
14-06-2016,2075.320068
15-06-2016,2071.5
16-06-2016,2077.98999
17-06-2016,2071.219971
20-06-2016,2083.25
21-06-2016,2088.899902
22-06-2016,2085.449951
23-06-2016,2113.320068
24-06-2016,2037.410034
27-06-2016,2000.540039
28-06-2016,2036.089966
29-06-2016,2070.77002
30-06-2016,2098.860107
01-07-2016,2102.949951
05-07-2016,2088.550049
06-07-2016,2099.72998
07-07-2016,2097.899902
08-07-2016,2129.899902
11-07-2016,2137.159912
12-07-2016,2152.139893
13-07-2016,2152.429932
14-07-2016,2163.75
15-07-2016,2161.73999
18-07-2016,2166.889893
19-07-2016,2163.780029
20-07-2016,2173.02002
21-07-2016,2165.169922
22-07-2016,2175.030029
25-07-2016,2168.47998
26-07-2016,2169.179932
27-07-2016,2166.580078
28-07-2016,2170.060059
29-07-2016,2173.600098
01-08-2016,2170.840088
02-08-2016,2157.030029
03-08-2016,2163.790039
04-08-2016,2164.25
05-08-2016,2182.870117
08-08-2016,2180.889893
09-08-2016,2181.73999
10-08-2016,2175.48999
11-08-2016,2185.790039
12-08-2016,2184.050049
15-08-2016,2190.149902
16-08-2016,2178.149902
17-08-2016,2182.219971
18-08-2016,2187.02002
19-08-2016,2183.870117
22-08-2016,2182.639893
23-08-2016,2186.899902
24-08-2016,2175.439941
25-08-2016,2172.469971
26-08-2016,2169.040039
29-08-2016,2180.379883
30-08-2016,2176.120117
31-08-2016,2170.949951
01-09-2016,2170.860107
02-09-2016,2179.97998
06-09-2016,2186.47998
07-09-2016,2186.159912
08-09-2016,2181.300049
09-09-2016,2127.810059
12-09-2016,2159.040039
13-09-2016,2127.02002
14-09-2016,2125.77002
15-09-2016,2147.26001
16-09-2016,2139.159912
19-09-2016,2139.120117
20-09-2016,2139.76001
21-09-2016,2163.120117
22-09-2016,2177.179932
23-09-2016,2164.689941
26-09-2016,2146.100098
27-09-2016,2159.929932
28-09-2016,2171.370117
29-09-2016,2151.129883
30-09-2016,2168.27002
03-10-2016,2161.199951
04-10-2016,2150.48999
05-10-2016,2159.72998
06-10-2016,2160.77002
07-10-2016,2153.73999
10-10-2016,2163.659912
11-10-2016,2136.72998
12-10-2016,2139.179932
13-10-2016,2132.550049
14-10-2016,2132.97998
17-10-2016,2126.5
18-10-2016,2139.600098
19-10-2016,2144.290039
20-10-2016,2141.340088
21-10-2016,2141.159912
24-10-2016,2151.330078
25-10-2016,2143.159912
26-10-2016,2139.429932
27-10-2016,2133.040039
28-10-2016,2126.409912
31-10-2016,2126.149902
01-11-2016,2111.719971
02-11-2016,2097.939941
03-11-2016,2088.659912
04-11-2016,2085.179932
07-11-2016,2131.52002
08-11-2016,2139.560059
09-11-2016,2163.26001
10-11-2016,2167.47998
11-11-2016,2164.449951
14-11-2016,2164.199951
15-11-2016,2180.389893
16-11-2016,2176.939941
17-11-2016,2187.120117
18-11-2016,2181.899902
21-11-2016,2198.179932
22-11-2016,2202.939941
23-11-2016,2204.719971
25-11-2016,2213.350098
28-11-2016,2201.719971
29-11-2016,2204.659912
30-11-2016,2198.810059
01-12-2016,2191.080078
02-12-2016,2191.949951
05-12-2016,2204.709961
06-12-2016,2212.22998
07-12-2016,2241.350098
08-12-2016,2246.189941
09-12-2016,2259.530029
12-12-2016,2256.959961
13-12-2016,2271.719971
14-12-2016,2253.280029
15-12-2016,2262.030029
16-12-2016,2258.070068
19-12-2016,2262.530029
20-12-2016,2270.76001
21-12-2016,2265.179932
22-12-2016,2260.959961
23-12-2016,2263.790039
27-12-2016,2268.879883
28-12-2016,2249.919922
29-12-2016,2249.26001
30-12-2016,2238.830078
03-01-2017,2257.830078
04-01-2017,2270.75
05-01-2017,2269
06-01-2017,2276.97998
09-01-2017,2268.899902
10-01-2017,2268.899902
11-01-2017,2275.320068
12-01-2017,2270.439941
13-01-2017,2274.639893
17-01-2017,2267.889893
18-01-2017,2271.889893
19-01-2017,2263.689941
20-01-2017,2271.310059
23-01-2017,2265.199951
24-01-2017,2280.070068
25-01-2017,2298.370117
26-01-2017,2296.679932
27-01-2017,2294.689941
30-01-2017,2280.899902
31-01-2017,2278.870117
01-02-2017,2279.550049
02-02-2017,2280.850098
03-02-2017,2297.419922
06-02-2017,2292.560059
07-02-2017,2293.080078
08-02-2017,2294.669922
09-02-2017,2307.870117
10-02-2017,2316.100098
13-02-2017,2328.25
14-02-2017,2337.580078
15-02-2017,2349.25
16-02-2017,2347.219971
17-02-2017,2351.159912
21-02-2017,2365.379883
22-02-2017,2362.820068
23-02-2017,2363.810059
24-02-2017,2367.340088
27-02-2017,2369.75
28-02-2017,2363.639893
01-03-2017,2395.959961
02-03-2017,2381.919922
03-03-2017,2383.120117
06-03-2017,2375.310059
07-03-2017,2368.389893
08-03-2017,2362.97998
09-03-2017,2364.870117
10-03-2017,2372.600098
13-03-2017,2373.469971
14-03-2017,2365.449951
15-03-2017,2385.26001
16-03-2017,2381.379883
17-03-2017,2378.25
20-03-2017,2373.469971
21-03-2017,2344.02002
22-03-2017,2348.449951
23-03-2017,2345.959961
24-03-2017,2343.97998
27-03-2017,2341.590088
28-03-2017,2358.570068
29-03-2017,2361.129883
30-03-2017,2368.060059
31-03-2017,2362.719971
03-04-2017,2358.840088
04-04-2017,2360.159912
05-04-2017,2352.949951
06-04-2017,2357.48999
07-04-2017,2355.540039
10-04-2017,2357.159912
11-04-2017,2353.780029
12-04-2017,2344.929932
13-04-2017,2328.949951
17-04-2017,2349.01001
18-04-2017,2342.189941
19-04-2017,2338.169922
20-04-2017,2355.840088
21-04-2017,2348.689941
24-04-2017,2374.149902
25-04-2017,2388.610107
26-04-2017,2387.449951
27-04-2017,2388.77002
28-04-2017,2384.199951
01-05-2017,2388.330078
02-05-2017,2391.169922
03-05-2017,2388.129883
04-05-2017,2389.52002
05-05-2017,2399.290039
08-05-2017,2399.379883
09-05-2017,2396.919922
10-05-2017,2399.629883
11-05-2017,2394.439941
12-05-2017,2390.899902
15-05-2017,2402.320068
16-05-2017,2400.669922
17-05-2017,2357.030029
18-05-2017,2365.719971
19-05-2017,2381.72998
22-05-2017,2394.02002
23-05-2017,2398.419922
24-05-2017,2404.389893
25-05-2017,2415.070068
26-05-2017,2415.820068
30-05-2017,2412.909912
31-05-2017,2411.800049
01-06-2017,2430.060059
02-06-2017,2439.070068
05-06-2017,2436.100098
06-06-2017,2429.330078
07-06-2017,2433.139893
08-06-2017,2433.790039
09-06-2017,2431.77002
12-06-2017,2429.389893
13-06-2017,2440.350098
14-06-2017,2437.919922
15-06-2017,2432.459961
16-06-2017,2433.149902
19-06-2017,2453.459961
20-06-2017,2437.030029
21-06-2017,2435.610107
22-06-2017,2434.5
23-06-2017,2438.300049
26-06-2017,2439.070068
27-06-2017,2419.379883
28-06-2017,2440.689941
29-06-2017,2419.699951
30-06-2017,2423.409912
03-07-2017,2429.01001
05-07-2017,2432.540039
06-07-2017,2409.75
07-07-2017,2425.179932
10-07-2017,2427.429932
11-07-2017,2425.530029
12-07-2017,2443.25
13-07-2017,2447.830078
14-07-2017,2459.27002
17-07-2017,2459.139893
18-07-2017,2460.610107
19-07-2017,2473.830078
20-07-2017,2473.449951
21-07-2017,2472.540039
24-07-2017,2469.909912
25-07-2017,2477.129883
26-07-2017,2477.830078
27-07-2017,2475.419922
28-07-2017,2472.100098
31-07-2017,2470.300049
01-08-2017,2476.350098
02-08-2017,2477.570068
03-08-2017,2472.159912
04-08-2017,2476.830078
07-08-2017,2480.909912
08-08-2017,2474.919922
09-08-2017,2474.02002
10-08-2017,2438.209961
11-08-2017,2441.320068
14-08-2017,2465.840088
15-08-2017,2464.610107
16-08-2017,2468.110107
17-08-2017,2430.01001
18-08-2017,2425.550049
21-08-2017,2428.370117
22-08-2017,2452.51001
23-08-2017,2444.040039
24-08-2017,2438.969971
25-08-2017,2443.050049
28-08-2017,2444.23999
29-08-2017,2446.300049
30-08-2017,2457.590088
31-08-2017,2471.649902
01-09-2017,2476.550049
05-09-2017,2457.850098
06-09-2017,2465.540039
07-09-2017,2465.100098
08-09-2017,2461.429932
11-09-2017,2488.110107
12-09-2017,2496.47998
13-09-2017,2498.370117
14-09-2017,2495.620117
15-09-2017,2500.22998
18-09-2017,2503.870117
19-09-2017,2506.649902
20-09-2017,2508.23999
21-09-2017,2500.600098
22-09-2017,2502.219971
25-09-2017,2496.659912
26-09-2017,2496.840088
27-09-2017,2507.040039
28-09-2017,2510.060059
29-09-2017,2519.360107
02-10-2017,2529.120117
03-10-2017,2534.580078
04-10-2017,2537.73999
05-10-2017,2552.070068
06-10-2017,2549.330078
09-10-2017,2544.72998
10-10-2017,2550.639893
11-10-2017,2555.23999
12-10-2017,2550.929932
13-10-2017,2553.169922
16-10-2017,2557.639893
17-10-2017,2559.360107
18-10-2017,2561.26001
19-10-2017,2562.100098
20-10-2017,2575.209961
23-10-2017,2564.97998
24-10-2017,2569.129883
25-10-2017,2557.149902
26-10-2017,2560.399902
27-10-2017,2581.070068
30-10-2017,2572.830078
31-10-2017,2575.26001
01-11-2017,2579.360107
02-11-2017,2579.850098
03-11-2017,2587.840088
06-11-2017,2591.129883
07-11-2017,2590.639893
08-11-2017,2594.379883
09-11-2017,2584.620117
10-11-2017,2582.300049
13-11-2017,2584.840088
14-11-2017,2578.870117
15-11-2017,2564.620117
16-11-2017,2585.639893
17-11-2017,2578.850098
20-11-2017,2582.139893
21-11-2017,2599.030029
22-11-2017,2597.080078
24-11-2017,2602.419922
27-11-2017,2601.419922
28-11-2017,2627.040039
29-11-2017,2626.070068
30-11-2017,2647.580078
01-12-2017,2642.219971
04-12-2017,2639.439941
05-12-2017,2629.570068
06-12-2017,2629.27002
07-12-2017,2636.97998
08-12-2017,2651.5
11-12-2017,2659.98999
12-12-2017,2664.110107
13-12-2017,2662.850098
14-12-2017,2652.01001
15-12-2017,2675.810059
18-12-2017,2690.159912
19-12-2017,2681.469971
20-12-2017,2679.25
21-12-2017,2684.570068
22-12-2017,2683.340088
26-12-2017,2680.5
27-12-2017,2682.620117
28-12-2017,2687.540039
29-12-2017,2673.610107
02-01-2018,2695.810059
03-01-2018,2713.060059
04-01-2018,2723.98999
05-01-2018,2743.149902
08-01-2018,2747.709961
09-01-2018,2751.290039
10-01-2018,2748.22998
11-01-2018,2767.560059
12-01-2018,2786.23999
16-01-2018,2776.419922
17-01-2018,2802.560059
18-01-2018,2798.030029
19-01-2018,2810.300049
22-01-2018,2832.969971
23-01-2018,2839.129883
24-01-2018,2837.540039
25-01-2018,2839.25
26-01-2018,2872.870117
29-01-2018,2853.530029
30-01-2018,2822.429932
31-01-2018,2823.810059
01-02-2018,2821.97998
02-02-2018,2762.129883
05-02-2018,2648.939941
06-02-2018,2695.139893
07-02-2018,2681.659912
08-02-2018,2581
09-02-2018,2619.550049
12-02-2018,2656
13-02-2018,2662.939941
14-02-2018,2698.629883
15-02-2018,2731.199951
16-02-2018,2732.219971
20-02-2018,2716.26001
21-02-2018,2701.330078
22-02-2018,2703.959961
23-02-2018,2747.300049
26-02-2018,2779.600098
27-02-2018,2744.280029
28-02-2018,2713.830078
01-03-2018,2677.669922
02-03-2018,2691.25
05-03-2018,2720.939941
06-03-2018,2728.120117
07-03-2018,2726.800049
08-03-2018,2738.969971
09-03-2018,2786.570068
12-03-2018,2783.02002
13-03-2018,2765.310059
14-03-2018,2749.47998
15-03-2018,2747.330078
16-03-2018,2752.01001
19-03-2018,2712.919922
20-03-2018,2716.939941
21-03-2018,2711.929932
22-03-2018,2643.689941
23-03-2018,2588.26001
26-03-2018,2658.550049
27-03-2018,2612.620117
28-03-2018,2605
29-03-2018,2640.870117
02-04-2018,2581.879883
03-04-2018,2614.449951
04-04-2018,2644.689941
05-04-2018,2662.840088
06-04-2018,2604.469971
09-04-2018,2613.159912
10-04-2018,2656.870117
11-04-2018,2642.189941
12-04-2018,2663.98999
13-04-2018,2656.300049
16-04-2018,2677.840088
17-04-2018,2706.389893
18-04-2018,2708.639893
19-04-2018,2693.129883
20-04-2018,2670.139893
23-04-2018,2670.290039
24-04-2018,2634.560059
25-04-2018,2639.399902
26-04-2018,2666.939941
27-04-2018,2669.909912
30-04-2018,2648.050049
01-05-2018,2654.800049
02-05-2018,2635.669922
03-05-2018,2629.72998
04-05-2018,2663.419922
07-05-2018,2672.629883
08-05-2018,2671.919922
09-05-2018,2697.790039
10-05-2018,2723.070068
11-05-2018,2727.719971
14-05-2018,2730.129883
15-05-2018,2711.449951
16-05-2018,2722.459961
17-05-2018,2720.129883
18-05-2018,2712.969971
21-05-2018,2733.01001
22-05-2018,2724.439941
23-05-2018,2733.290039
24-05-2018,2727.76001
25-05-2018,2721.330078
29-05-2018,2689.860107
30-05-2018,2724.01001
31-05-2018,2705.27002
01-06-2018,2734.620117
04-06-2018,2746.870117
05-06-2018,2748.800049
06-06-2018,2772.350098
07-06-2018,2770.370117
08-06-2018,2779.030029
11-06-2018,2782
12-06-2018,2786.850098
13-06-2018,2775.629883
14-06-2018,2782.48999
15-06-2018,2779.659912
18-06-2018,2773.75
19-06-2018,2762.590088
20-06-2018,2767.320068
21-06-2018,2749.76001
22-06-2018,2754.879883
25-06-2018,2717.070068
26-06-2018,2723.060059
27-06-2018,2699.629883
28-06-2018,2716.310059
29-06-2018,2718.370117
02-07-2018,2726.709961
03-07-2018,2713.219971
05-07-2018,2736.610107
06-07-2018,2759.820068
09-07-2018,2784.169922
10-07-2018,2793.840088
11-07-2018,2774.02002
12-07-2018,2798.290039
13-07-2018,2801.310059
16-07-2018,2798.429932
17-07-2018,2809.550049
18-07-2018,2815.620117
19-07-2018,2804.48999
20-07-2018,2801.830078
23-07-2018,2806.97998
24-07-2018,2820.399902
25-07-2018,2846.070068
26-07-2018,2837.439941
27-07-2018,2818.820068
30-07-2018,2802.600098
31-07-2018,2816.290039
01-08-2018,2813.360107
02-08-2018,2827.219971
03-08-2018,2840.350098
06-08-2018,2850.399902
07-08-2018,2858.449951
08-08-2018,2857.699951
09-08-2018,2853.580078
10-08-2018,2833.280029
13-08-2018,2821.929932
14-08-2018,2839.959961
15-08-2018,2818.370117
16-08-2018,2840.689941
17-08-2018,2850.129883
20-08-2018,2857.050049
21-08-2018,2862.959961
22-08-2018,2861.820068
23-08-2018,2856.97998
24-08-2018,2874.689941
27-08-2018,2896.73999
28-08-2018,2897.52002
29-08-2018,2914.040039
30-08-2018,2901.129883
31-08-2018,2901.52002
04-09-2018,2896.719971
05-09-2018,2888.600098
06-09-2018,2878.050049
07-09-2018,2871.679932
10-09-2018,2877.129883
11-09-2018,2887.889893
12-09-2018,2888.919922
13-09-2018,2904.179932
14-09-2018,2904.97998
17-09-2018,2888.800049
18-09-2018,2904.310059
19-09-2018,2907.949951
20-09-2018,2930.75
21-09-2018,2929.669922
24-09-2018,2919.370117
25-09-2018,2915.560059
26-09-2018,2905.969971
27-09-2018,2914
28-09-2018,2913.97998
01-10-2018,2924.590088
02-10-2018,2923.429932
03-10-2018,2925.51001
04-10-2018,2901.610107
05-10-2018,2885.570068
08-10-2018,2884.429932
09-10-2018,2880.340088
10-10-2018,2785.679932
11-10-2018,2728.370117
12-10-2018,2767.129883
15-10-2018,2750.790039
16-10-2018,2809.919922
17-10-2018,2809.209961
18-10-2018,2768.780029
19-10-2018,2767.780029
22-10-2018,2755.879883
23-10-2018,2740.689941
24-10-2018,2656.100098
25-10-2018,2705.570068
26-10-2018,2658.689941
29-10-2018,2641.25
30-10-2018,2682.629883
31-10-2018,2711.73999
01-11-2018,2740.370117
02-11-2018,2723.060059
05-11-2018,2738.310059
06-11-2018,2755.449951
07-11-2018,2813.889893
08-11-2018,2806.830078
09-11-2018,2781.01001
12-11-2018,2726.219971
13-11-2018,2722.179932
14-11-2018,2701.580078
15-11-2018,2730.199951
16-11-2018,2736.27002
19-11-2018,2690.72998
20-11-2018,2641.889893
21-11-2018,2649.929932
23-11-2018,2632.560059
26-11-2018,2673.449951
27-11-2018,2682.169922
28-11-2018,2743.790039
29-11-2018,2737.800049
30-11-2018,2760.169922
03-12-2018,2790.370117
04-12-2018,2700.060059
06-12-2018,2695.949951
07-12-2018,2633.080078
10-12-2018,2637.719971
11-12-2018,2636.780029
12-12-2018,2651.070068
13-12-2018,2650.540039
14-12-2018,2599.949951
17-12-2018,2545.939941
18-12-2018,2546.159912
19-12-2018,2506.959961
20-12-2018,2467.419922
21-12-2018,2416.620117
24-12-2018,2351.100098
26-12-2018,2467.699951
27-12-2018,2488.830078
28-12-2018,2485.73999
31-12-2018,2506.850098
02-01-2019,2510.030029
03-01-2019,2447.889893
04-01-2019,2531.939941
07-01-2019,2549.689941
08-01-2019,2574.409912
09-01-2019,2584.959961
10-01-2019,2596.639893
11-01-2019,2596.26001
14-01-2019,2582.610107
15-01-2019,2610.300049
16-01-2019,2616.100098
17-01-2019,2635.959961
18-01-2019,2670.709961
22-01-2019,2632.899902
23-01-2019,2638.699951
24-01-2019,2642.330078
25-01-2019,2664.76001
28-01-2019,2643.850098
29-01-2019,2640
30-01-2019,2681.050049
31-01-2019,2704.100098
01-02-2019,2706.530029
04-02-2019,2724.870117
05-02-2019,2737.699951
06-02-2019,2731.610107
07-02-2019,2706.050049
08-02-2019,2707.879883
11-02-2019,2709.800049
12-02-2019,2744.72998
13-02-2019,2753.030029
14-02-2019,2745.72998
15-02-2019,2775.600098
19-02-2019,2779.76001
20-02-2019,2784.699951
21-02-2019,2774.879883
22-02-2019,2792.669922
25-02-2019,2796.110107
26-02-2019,2793.899902
27-02-2019,2792.379883
28-02-2019,2784.48999
01-03-2019,2803.689941
04-03-2019,2792.810059
05-03-2019,2789.649902
06-03-2019,2771.449951
07-03-2019,2748.929932
08-03-2019,2743.070068
11-03-2019,2783.300049
12-03-2019,2791.52002
13-03-2019,2810.919922
14-03-2019,2808.47998
15-03-2019,2822.47998
18-03-2019,2832.939941
19-03-2019,2832.570068
20-03-2019,2824.22998
21-03-2019,2854.879883
22-03-2019,2800.709961
25-03-2019,2798.360107
26-03-2019,2818.459961
27-03-2019,2805.370117
28-03-2019,2815.439941
29-03-2019,2834.399902
01-04-2019,2867.189941
02-04-2019,2867.23999
03-04-2019,2873.399902
04-04-2019,2879.389893
05-04-2019,2892.73999
08-04-2019,2895.77002
09-04-2019,2878.199951
10-04-2019,2888.209961
11-04-2019,2888.320068
12-04-2019,2907.409912
15-04-2019,2905.580078
16-04-2019,2907.060059
17-04-2019,2900.449951
18-04-2019,2905.030029
22-04-2019,2907.969971
23-04-2019,2933.679932
24-04-2019,2927.25
25-04-2019,2926.169922
26-04-2019,2939.879883
29-04-2019,2943.030029
30-04-2019,2945.830078
01-05-2019,2923.72998
02-05-2019,2917.52002
03-05-2019,2945.639893
06-05-2019,2932.469971
07-05-2019,2884.050049
08-05-2019,2879.419922
09-05-2019,2870.719971
10-05-2019,2881.399902
13-05-2019,2811.870117
14-05-2019,2834.409912
15-05-2019,2850.959961
16-05-2019,2876.320068
17-05-2019,2859.530029
20-05-2019,2840.22998
21-05-2019,2864.360107
22-05-2019,2856.27002
23-05-2019,2822.23999
24-05-2019,2826.060059
28-05-2019,2802.389893
29-05-2019,2783.02002
30-05-2019,2788.860107
31-05-2019,2752.060059
03-06-2019,2744.449951
04-06-2019,2803.27002
05-06-2019,2826.149902
06-06-2019,2843.48999
07-06-2019,2873.340088
10-06-2019,2886.72998
11-06-2019,2885.719971
12-06-2019,2879.840088
13-06-2019,2891.639893
14-06-2019,2886.97998
17-06-2019,2889.669922
18-06-2019,2917.75
19-06-2019,2926.459961
20-06-2019,2954.179932
21-06-2019,2950.459961
24-06-2019,2945.350098
25-06-2019,2917.379883
26-06-2019,2913.780029
27-06-2019,2924.919922
28-06-2019,2941.76001
01-07-2019,2964.330078
02-07-2019,2973.01001
03-07-2019,2995.820068
05-07-2019,2990.409912
08-07-2019,2975.949951
09-07-2019,2979.629883
10-07-2019,2993.070068
11-07-2019,2999.909912
12-07-2019,3013.77002
15-07-2019,3014.300049
16-07-2019,3004.040039
17-07-2019,2984.419922
18-07-2019,2995.110107
19-07-2019,2976.610107
22-07-2019,2985.030029
23-07-2019,3005.469971
24-07-2019,3019.560059
25-07-2019,3003.669922
26-07-2019,3025.860107
29-07-2019,3020.969971
30-07-2019,3013.179932
31-07-2019,2980.379883
01-08-2019,2953.560059
02-08-2019,2932.050049
05-08-2019,2844.73999
06-08-2019,2881.77002
07-08-2019,2883.97998
08-08-2019,2938.090088
09-08-2019,2918.649902
12-08-2019,2882.699951
13-08-2019,2926.320068
14-08-2019,2840.600098
15-08-2019,2847.600098
16-08-2019,2888.679932
19-08-2019,2923.649902
20-08-2019,2900.51001
21-08-2019,2924.429932
22-08-2019,2922.949951
23-08-2019,2847.110107
26-08-2019,2878.379883
27-08-2019,2869.159912
28-08-2019,2887.939941
29-08-2019,2924.580078
30-08-2019,2926.459961
03-09-2019,2906.27002
04-09-2019,2937.780029
05-09-2019,2976
06-09-2019,2978.709961
09-09-2019,2978.429932
10-09-2019,2979.389893
11-09-2019,3000.929932
12-09-2019,3009.570068
13-09-2019,3007.389893
16-09-2019,2997.959961
17-09-2019,3005.699951
18-09-2019,3006.72998
19-09-2019,3006.790039
20-09-2019,2992.070068
23-09-2019,2991.780029
24-09-2019,2966.600098
25-09-2019,2984.870117
26-09-2019,2977.620117
27-09-2019,2961.790039
30-09-2019,2976.73999
01-10-2019,2940.25
02-10-2019,2887.610107
03-10-2019,2910.629883
04-10-2019,2952.01001
07-10-2019,2938.790039
08-10-2019,2893.060059
09-10-2019,2919.399902
10-10-2019,2938.129883
11-10-2019,2970.27002
14-10-2019,2966.149902
15-10-2019,2995.679932
16-10-2019,2989.689941
17-10-2019,2997.949951
18-10-2019,2986.199951
21-10-2019,3006.719971
22-10-2019,2995.98999
23-10-2019,3004.52002
24-10-2019,3010.290039
25-10-2019,3022.550049
28-10-2019,3039.419922
29-10-2019,3036.889893
30-10-2019,3046.77002
31-10-2019,3037.560059
01-11-2019,3066.909912
04-11-2019,3078.27002
05-11-2019,3074.620117
06-11-2019,3076.780029
07-11-2019,3085.179932
08-11-2019,3093.080078
11-11-2019,3087.01001
12-11-2019,3091.840088
13-11-2019,3094.040039
14-11-2019,3096.629883
15-11-2019,3120.459961
18-11-2019,3122.030029
19-11-2019,3120.179932
20-11-2019,3108.459961
21-11-2019,3103.540039
22-11-2019,3110.290039
25-11-2019,3133.639893
26-11-2019,3140.52002
27-11-2019,3153.629883
29-11-2019,3140.97998
02-12-2019,3113.870117
03-12-2019,3093.199951
04-12-2019,3112.76001
05-12-2019,3117.429932
06-12-2019,3145.909912
09-12-2019,3135.959961
10-12-2019,3132.52002
11-12-2019,3141.629883
12-12-2019,3168.570068
13-12-2019,3168.800049
16-12-2019,3191.449951
17-12-2019,3192.52002
18-12-2019,3191.139893
19-12-2019,3205.370117
20-12-2019,3221.219971
23-12-2019,3224.01001
24-12-2019,3223.379883
26-12-2019,3239.909912
27-12-2019,3240.02002
30-12-2019,3221.290039
31-12-2019,3230.780029
02-01-2020,3257.850098
03-01-2020,3234.850098
06-01-2020,3246.280029
07-01-2020,3237.179932
08-01-2020,3253.050049
09-01-2020,3274.699951
10-01-2020,3265.350098
13-01-2020,3288.129883
14-01-2020,3283.149902
15-01-2020,3289.290039
16-01-2020,3316.810059
17-01-2020,3329.620117
21-01-2020,3320.790039
22-01-2020,3321.75
23-01-2020,3325.540039
24-01-2020,3295.469971
27-01-2020,3243.629883
28-01-2020,3276.23999
29-01-2020,3273.399902
30-01-2020,3283.659912
31-01-2020,3225.52002
03-02-2020,3248.919922
04-02-2020,3297.590088
05-02-2020,3334.689941
06-02-2020,3345.780029
07-02-2020,3327.709961
10-02-2020,3352.090088
11-02-2020,3357.75
12-02-2020,3379.449951
13-02-2020,3373.939941
14-02-2020,3380.159912
18-02-2020,3370.290039
19-02-2020,3386.149902
20-02-2020,3373.22998
21-02-2020,3337.75
24-02-2020,3225.889893
25-02-2020,3128.209961
26-02-2020,3116.389893
27-02-2020,2978.76001
28-02-2020,2954.219971
02-03-2020,3090.22998
03-03-2020,3003.370117
04-03-2020,3130.120117
05-03-2020,3023.939941
06-03-2020,2972.370117
09-03-2020,2746.560059
10-03-2020,2882.22998
11-03-2020,2741.379883
12-03-2020,2480.639893
13-03-2020,2711.02002
16-03-2020,2386.129883
17-03-2020,2529.189941
18-03-2020,2398.100098
19-03-2020,2409.389893
20-03-2020,2304.919922
23-03-2020,2237.399902
24-03-2020,2447.330078
25-03-2020,2475.560059
26-03-2020,2630.070068
27-03-2020,2541.469971
30-03-2020,2626.649902
31-03-2020,2584.590088
01-04-2020,2470.5
02-04-2020,2526.899902
03-04-2020,2488.649902
06-04-2020,2663.679932
07-04-2020,2659.409912
08-04-2020,2749.97998
09-04-2020,2789.820068
13-04-2020,2761.629883
14-04-2020,2846.060059
15-04-2020,2783.360107
16-04-2020,2799.550049
17-04-2020,2874.560059
20-04-2020,2823.159912
21-04-2020,2736.560059
22-04-2020,2799.310059
23-04-2020,2797.800049
24-04-2020,2836.73999
27-04-2020,2878.47998
28-04-2020,2863.389893
29-04-2020,2939.51001
30-04-2020,2912.429932
01-05-2020,2830.709961
04-05-2020,2842.73999
05-05-2020,2868.439941
06-05-2020,2848.419922
07-05-2020,2881.189941
08-05-2020,2929.800049
11-05-2020,2930.189941
12-05-2020,2870.120117
13-05-2020,2820
14-05-2020,2852.5
15-05-2020,2863.699951
18-05-2020,2953.909912
19-05-2020,2922.939941
20-05-2020,2971.610107
21-05-2020,2948.51001
22-05-2020,2955.449951
26-05-2020,2991.77002
27-05-2020,3036.129883
28-05-2020,3029.72998
29-05-2020,3044.310059
01-06-2020,3055.72998
02-06-2020,3080.820068
03-06-2020,3122.870117
04-06-2020,3112.350098
05-06-2020,3193.929932
08-06-2020,3232.389893
09-06-2020,3207.179932
10-06-2020,3190.139893
11-06-2020,3002.100098
12-06-2020,3041.310059
15-06-2020,3066.590088
16-06-2020,3124.73999
17-06-2020,3113.48999
18-06-2020,3115.340088
19-06-2020,3097.73999
22-06-2020,3117.860107
23-06-2020,3131.290039
24-06-2020,3050.330078
25-06-2020,3083.76001
26-06-2020,3009.050049
